molecule_name,atom_index,atom,x,y,z
mol_1,0,O,1.1229,0.1995,-0.4546
mol_1,1,O,2.4378,0.4571,0.1075
mol_1,2,O,-1.4723,1.2002,0.1915
mol_1,3,C,-0.8476,-1.1292,-0.1122
mol_1,4,C,0.5434,-0.7848,0.3922
mol_1,5,C,-1.7842,0.0572,-0.1245
mol_1,6,H,-0.7952,-1.4982,-1.1423
mol_1,7,H,-1.296,-1.905,0.5163
mol_1,8,H,0.4929,-0.3933,1.4149
mol_1,9,H,1.1731,-1.6813,0.3865
mol_1,10,H,-2.8121,-0.1677,-0.4582
mol_1,11,H,2.1884,1.2729,0.5746
mol_2,1,O,-0.0545,-1.1899,0.1234
mol_2,2,O,-1.3975,-0.6169,-0.0528
mol_2,3,O,1.8475,0.0283,-0.5126
mol_2,4,C,-0.0372,1.1478,0.4383
mol_2,5,C,0.8127,-0.0999,0.454
mol_2,6,C,-1.171,0.7306,-0.4503
mol_2,7,H,0.4761,2.0484,0.0916
mol_2,8,H,-0.426,1.3293,1.4475
mol_2,9,H,1.2631,-0.2661,1.4379
mol_2,10,H,-2.0734,1.3254,-0.2878
mol_2,11,H,-0.9047,0.752,-1.5121
mol_2,12,H,2.5546,-0.5882,-0.2574
mol_3,1,O,-4.9017,-0.667,0.5411
mol_3,2,C,-4.0161,-0.0492,-0.0011
mol_3,3,C,-2.8046,-0.7745,-0.5279
mol_3,4,H,-2.9809,-1.0733,-1.5612
mol_3,5,H,-1.9382,-0.1146,-0.4832
mol_3,6,H,-2.6186,-1.66,0.0798
mol_3,7,O,-4.1138,1.2824,-0.1392
mol_3,8,H,-4.9112,1.7027,0.211
mol_3,9,O,7.5622,0.4764,0.1958
mol_3,10,C,8.3424,-0.4015,-0.0851
mol_3,11,H,9.2649,-0.1619,-0.5931
mol_3,12,H,8.1199,-1.4256,0.1758
mol_4,1,C,-12.0234,-0.5024,-0.0486
mol_4,2,H,-12.2448,-1.4254,0.4667
mol_4,3,H,-11.1182,-0.4127,-0.6308
mol_4,4,O,-12.7904,0.4277,0.0223
mol_4,5,H,-2.5119,0.1282,0.1805
mol_4,6,H,-2.0293,-0.4572,0.1357
mol_4,7,C,7.8815,-0.1239,0.2544
mol_4,8,H,7.2107,-0.6861,0.8872
mol_4,9,O,9.0153,-0.6882,-0.1903
mol_4,10,H,9.1884,-1.5997,0.0823
mol_4,11,O,7.6089,1.0112,-0.0572
mol_5,1,O,-7.1413,0.6041,0.1629
mol_5,2,C,-6.0431,0.2668,-0.2114
mol_5,3,H,-5.4088,0.9716,-0.7285
mol_5,4,O,-5.6093,-0.9821,0.0203
mol_5,5,H,-4.7239,-1.2054,-0.298
mol_5,6,C,7.235,-0.9433,0.0368
mol_5,7,H,6.5807,-1.6259,0.5587
mol_5,8,H,8.2103,-1.2731,-0.2895
mol_5,9,C,6.8413,0.2897,-0.2067
mol_5,10,H,7.4955,0.9723,-0.7286
mol_5,11,O,5.6139,0.7023,0.1982
mol_5,12,H,5.4146,1.6218,-0.0252
mol_6,1,O,-6.8876,0.6556,0.1792
mol_6,2,C,-5.8397,0.238,-0.2536
mol_6,3,H,-5.225,0.8674,-0.88
mol_6,4,O,-5.4368,-1.0062,0.0487
mol_6,5,H,-4.5915,-1.2959,-0.3208
mol_6,6,O,5.4131,0.7671,0.2283
mol_6,7,C,6.4711,0.4261,-0.2435
mol_6,8,H,7.0321,1.1107,-0.8624
mol_6,9,C,7.0115,-0.9526,0.0363
mol_6,10,H,6.3072,-1.7,-0.3289
mol_6,11,H,7.9687,-1.0773,-0.47
mol_6,12,H,7.1496,-1.0776,1.1103
mol_7,1,O,0.1084,0.877,-0.0983
mol_7,2,O,2.0231,-0.37,0.5424
mol_7,3,O,-0.611,-1.312,-0.269
mol_7,4,C,1.4478,0.4866,-0.4323
mol_7,5,C,-0.8151,-0.125,-0.0535
mol_7,6,C,-2.1531,0.4433,0.3106
mol_7,7,H,1.4752,0.0134,-1.4204
mol_7,8,H,2.0509,1.3978,-0.4768
mol_7,9,H,-2.1032,0.9047,1.3
mol_7,10,H,-2.4626,1.1745,-0.4405
mol_7,11,H,-2.8936,-0.3613,0.3382
mol_7,12,H,1.7827,-1.2808,0.302
mol_8,1,C,0.819,-0.9434,-0.0094
mol_8,2,O,0.1991,0.2094,-0.3203
mol_8,3,C,-1.08,0.3411,0.0752
mol_8,4,O,-1.6202,-0.5539,0.6809
mol_8,5,C,-1.839,1.6049,-0.2372
mol_8,6,O,1.9682,-1.1192,-0.3383
mol_8,7,H,10.7273,3.8238,1.0741
mol_8,8,H,11.384,3.446,1.0142
mol_8,9,H,0.2907,-1.71,0.538
mol_8,10,H,-1.1926,2.2911,-0.7845
mol_8,11,H,-2.7109,1.3641,-0.8454
mol_8,12,H,-2.1625,2.0737,0.6921
mol_9,1,C,-1.5159,0.3323,0.2003
mol_9,2,H,-1.7752,-0.6375,0.5984
mol_9,3,O,-0.2674,0.5677,-0.2348
mol_9,4,C,0.6191,-0.4558,-0.1459
mol_9,5,C,1.8671,-0.2888,-0.558
mol_9,6,H,2.5727,-1.1034,-0.4872
mol_9,7,H,2.1789,0.6619,-0.9647
mol_9,8,O,0.2275,-1.6499,0.3651
mol_9,9,H,0.9276,-2.3165,0.388
mol_9,10,O,-2.3505,1.2041,0.1417
mol_9,11,H,10.9073,3.3679,1.1083
mol_9,12,H,11.5712,3.0041,1.041
mol_10,1,C,-1.5159,0.3323,0.2003
mol_10,2,H,-1.7752,-0.6375,0.5984
mol_10,3,O,-0.2674,0.5677,-0.2348
mol_10,4,C,0.6191,-0.4558,-0.1459
mol_10,5,C,1.8671,-0.2888,-0.558
mol_10,6,H,2.5727,-1.1034,-0.4872
mol_10,7,H,2.1789,0.6619,-0.9647
mol_10,8,O,0.2275,-1.6499,0.3651
mol_10,9,H,0.9276,-2.3165,0.388
mol_10,10,O,-2.3505,1.2041,0.1417
mol_10,11,H,10.9073,3.3679,1.1083
mol_10,12,H,11.5712,3.0041,1.041
